"","ta","math_grade","spanish_grade","better_at_math"
"1","Phuong Vu",3.63254441790421,3.62298409687096,TRUE
"2","Yunwei Liang",3.80735901154382,3.55896985577922,TRUE
"3","Yubing Tian",3.69819193693846,3.53919062178933,TRUE
"4","Gavin Sreesangkom",3.97337959854922,3.98891973736855,FALSE
"5","Coco Li",3.72794718430382,4,FALSE
"6","George Zhang",3.73970770752192,3.98871461189032,FALSE
"7","Saurav Sawansukha",3.32586183208073,3.13148083555312,TRUE
"8","YuYu Madigan",3.18404089746333,3.75336330816024,FALSE
